[
    {
        "Name": "Lizalin Rout",
        "Address": "BBSR",
        "Mobile": "9114770026",
        "Email": "er.liza2010@gmail.com",
        "Age": "20",
        "Salary": "1000",
        "Gender": "Female"
    },
    {
        "Name": "Pujalin Rout",
        "Address": "BBSR",
        "Mobile": "1111111111",
        "Email": "puja@gmail.com",
        "Age": "20",
        "Salary": "2000",
        "Gender": "Female"
    },
    {
        "Name": "Rojalin Rout",
        "Address": "BBSR",
        "Mobile": "2222222222",
        "Email": "rojalin@gmail.com",
        "Age": "20",
        "Salary": "3000",
        "Gender": "Female"
    },
    {
        "Name": "Bhagyashree Sahoo",
        "Address": "BBSR",
        "Mobile": "3333333333",
        "Email": "bhagi@gmail.com",
        "Age": "20",
        "Salary": "20000",
        "Gender": "Female"
    },
    {
        "Name": "Swagatika Sahho",
        "Address": "BBSR",
        "Mobile": "4444444444",
        "Email": "swagatika@gmail.com",
        "Age": "20",
        "Salary": "25000",
        "Gender": "Female"
    },
    {
        "Name": "Ankit Biswal",
        "Address": "BBSR",
        "Mobile": "5555555555",
        "Email": "ankit@gmail.com",
        "Age": "20",
        "Salary": "15000",
        "Gender": "Male"
    },
    {
        "Name": "Haria Sahho",
        "Address": "BBSR",
        "Mobile": "6666666666",
        "Email": "haria@gmail.com",
        "Age": "20",
        "Salary": "35000",
        "Gender": "Male"
    },
    {
        "Name": "Bikash Mandal",
        "Address": "BBSR",
        "Mobile": "7777777777",
        "Email": "bikash@gmail.com",
        "Age": "20",
        "Salary": "45000",
        "Gender": "Female"
    },
    {
        "Name": "Ramesh Jena",
        "Address": "BBSR",
        "Mobile": "8888888888",
        "Email": "ramesh@gmail.com",
        "Age": "20",
        "Salary": "55000",
        "Gender": "Male"
    },
    {
        "Name": "Rajesh Kumar",
        "Address": "BBSR",
        "Mobile": "9999999999",
        "Email": "rajesh@gmail.com",
        "Age": "20",
        "Salary": "25000",
        "Gender": "Female"
    },
    {
        "Name": "Rajkishor Jena",
        "Address": "BBSR",
        "Mobile": "1234567891",
        "Email": "raj@gmail.com",
        "Age": "20",
        "Salary": "75000",
        "Gender": "Male"
    },
    {
        "Name": "Guddu Jadav",
        "Address": "BBSR",
        "Mobile": "2314567890",
        "Email": "guudu@gmail.com",
        "Age": "20",
        "Salary": "15000",
        "Gender": "Male"
    },
    {
        "Name": "Mangal Jadav",
        "Address": "BBSR",
        "Mobile": "2358914567",
        "Email": "mangal@gmail.com",
        "Age": "20",
        "Salary": "65000",
        "Gender": "Male"
    },
    {
        "Name": "Ginny Pandy",
        "Address": "BBSR",
        "Mobile": "7634598762",
        "Email": "ginny@gmail.com",
        "Age": "20",
        "Salary": "75000",
        "Gender": "Male"
    },
    {
        "Name": "Rahul Thakur",
        "Address": "BBSR",
        "Mobile": "1345672346",
        "Email": "rahul@gmail.com",
        "Age": "20",
        "Salary": "85000",
        "Gender": "Male"
    }
]